category,gmv,orders
health_beauty,1258681.3399999682,8836
watches_gifts,1205005.6799999995,5624
bed_bath_table,1036988.6800000712,9417
sports_leisure,988048.9700000401,7720
computers_accessories,911954.3200000388,6689
furniture_decor,729762.4900000411,6449
cool_stuff,635290.8500000009,3632
housewares,632248.6600000213,5884
auto,592720.1100000107,3897
garden_tools,485256.46000001475,3518
toys,483946.6000000053,3886
baby,411764.8900000044,2885
perfumery,399124.87000000145,3162
telephony,323667.529999989,4199
office_furniture,273960.69999999716,1273
